https://shreerangpatwardhan.blogspot.com/2017/10/es6-101-class.html, https://theuidev.github.io/es6-101-class/
https://shreerangpatwardhan.blogspot.com/2017/10/es6-101-map.html, https://theuidev.github.io/es6-101-map/
https://shreerangpatwardhan.blogspot.com/2017/10/es6-101-set.html, https://theuidev.github.io/es6-101-set/
https://shreerangpatwardhan.blogspot.com/2017/10/es6-101-forof.html, https://theuidev.github.io/es6-101-forof/
https://shreerangpatwardhan.blogspot.com/2017/10/es6-101-destructuring.html, https://theuidev.github.io/es6-101-destructuring/
https://shreerangpatwardhan.blogspot.com/2017/10/es6-101-default-parameters.html, https://theuidev.github.io/es6-101-default-parameters/
https://shreerangpatwardhan.blogspot.com/2017/10/diwali-wishes.html, https://theuidev.github.io/diwali-wishes/
https://shreerangpatwardhan.blogspot.com/2017/10/es6-rest-operator.html, https://theuidev.github.io/es6-rest-operator/
https://shreerangpatwardhan.blogspot.com/2017/10/es6-template-literals.html, https://theuidev.github.io/es6-template-literals/
https://shreerangpatwardhan.blogspot.com/2017/10/es6-101-spread-operator.html, https://theuidev.github.io/es6-101-spread-operator/
https://shreerangpatwardhan.blogspot.com/2017/10/es6-101-lexical-declarations-const.html, https://theuidev.github.io/es6-101-lexical-declarations-const/
https://shreerangpatwardhan.blogspot.com/2017/10/es6-101-lexical-declarations-let.html, https://theuidev.github.io/es6-101-lexical-declarations-let/
https://shreerangpatwardhan.blogspot.com/2017/10/es6-fat-arrow-functions.html, https://theuidev.github.io/es6-fat-arrow-functions/
